word,frequency
t,520
co,511
to,428
the,368
https,315
I,310
you,278
and,223
a,220
http,212
of,197
for,182
in,173
is,147
my,132
on,118
so,97
x,96
me,93
this,87
it,86
amp,85
with,79
are,78
at,70
Thank,70
all,68
that,66
be,65
was,64
have,63
out,58
your,53
love,52
by,48
about,46
women,44
from,39
just,39
an,38
but,37
thank,36
see,36
The,36
am,35
much,35
as,33
everyone,33
not,32
now,32
amazing,32
X,31
has,30
xx,30
time,29
So,29
great,29
I'm,28
can,27
like,27
today,26
we,26
really,26
This,25
up,25
You,25
there,25
people,24
her,24
It,24
going,24
HeForShe,24
who,23
work,23
UK,23
had,23
think,23
too,23
being,22
one,22
go,22
it's,22
happy,21
If,21
or,21
do,21
support,21
more,21
will,21
here,21
good,21
Noah,21
our,20
Love,20
they,20
Happy,20
their,20
tonight,20
s,19
gender,19
My,19
girls,19
such,19
new,19
don't,19
It's,19
been,18
Emma,18
interview,18
proud,18
equality,18
did,18
',18
Perks,18
world,17
heforshe,17
say,16
A,16
Just,16
were,16
get,16
last,16
What,16
make,15
best,15
Please,15
read,15
book,15
New,15
night,15
believe,15
what,15
got,15
made,14
And,14
no,14
want,14
know,14
how,14
its,14
them,14
excited,14
Yes,14
way,13
very,13
when,13
friend,13
vote,13
Christmas,13
Not,13
tomorrow,13
guys,13
working,12
In,12
loved,12
having,12
day,12
some,12
I've,12
Women,12
birthday,12
hope,12
yes,12
first,12
We,12
men,12
cool,12
Em,12
Hi,12
making,11
these,11
many,11
week,11
campaign,11
over,11
beautiful,11
part,11
Day,11
favourite,11
video,11
London,11
also,11
why,11
off,11
man,11
seen,11
Me,11
hard,10
doing,10
feel,10
need,10
any,10
violence,10
life,10
Good,10
cover,10
yesterday,10
lovely,10
than,10
things,10
haven't,10
everything,10
Go,10
O,10
can't,10
where,9
ok,9
keep,9
us,9
most,9
if,9
full,9
To,9
put,9
brilliant,9
give,9
show,9
started,9
film,9
woman,9
Why,9
would,9
1,9
books,9
OurSharedShelf,9
IWD,9
wait,9
movie,9
tweet,9
Being,9
Murray,9
Hope,9
Xx,8
March,8
yet,8
Our,8
wonderful,8
already,8
back,8
thought,8
anyone,8
even,8
because,8
home,8
meet,8
TimesUp,8
luck,8
SO,8
Such,8
Twitter,8
start,8
him,8
his,8
look,8
sure,8
xxx,8
soon,8
tell,8
she,8
wanted,8
app,8
Bling,8
Thanks,8
bit,8
Wallflower,8
years,7
E,7
m,7
still,7
From,7
Sending,7
other,7
black,7
available,7
call,7
Wow,7
On,7
women's,7
activists,7
3,7
stand,7
Equality,7
ever,7
those,7
check,7
feminist,7
every,7
fight,7
away,7
post,7
Watch,7
hear,7
Don't,7
found,7
Amazing,7
awards,7
thanks,7
come,7
Check,7
One,7
long,7
genius,7
take,7
always,7
HeforShe,7
kind,7
thing,7
done,7
10,7
he,7
messages,7
com,7
fb,7
family,6
30,6
letter,6
please,6
news,6
donate,6
around,6
respect,6
live,6
Great,6
impact,6
into,6
important,6
change,6
power,6
makes,6
against,6
rights,6
Birthday,6
cat,6
Excited,6
4,6
solidarity,6
Gender,6
year,6
For,6
charity,6
never,6
young,6
then,6
watch,6
NYC,6
right,6
fun,6
help,6
seeing,6
inspiring,6
Welcome,6
exciting,6
song,6
win,6
Watson,6
called,6
after,6
How,6
Can't,6
only,6
awesome,6
Hermione,6
IWD2016,6
came,6
absolutely,6
nice,6
50,6
u,6
Its,6
Is,6
premiere,6
enough,6
Facebook,6
See,6
Ring,6
www,6
facebook,6
sign,5
well,5
again,5
mean,5
Dear,5
As,5
Friday,5
two,5
country,5
incredible,5
All,5
dear,5
Paris,5
thoughts,5
Today,5
could,5
end,5
directed,5
free,5
while,5
different,5
No,5
People,5
honour,5
worldwide,5
find,5
both,5
abuse,5
forget,5
children,5
school,5
ago,5
US,5
UN,5
hair,5
issue,5
ready,5
films,5
met,5
She,5
THANK,5
YOU,5
voted,5
lot,5
saw,5
Beauty,5
Beast,5
watching,5
Dropping,5
IWDOurSharedShelf,5
ADayWithoutAWoman,5
Heforshe,5
face,5
'I,5
article,5
performance,5
haha,5
getting,5
Sorry,5
pretty,5
He,5
miss,5
hi,5
story,5
Premiere,5
human,5
Harry,5
Potter,5
able,5
GO,5
send,5
real,5
Now,5
dog,5
days,5
People's,5
Choice,5
few,5
Ok,5
Lanc,5
page,5
emmawatson,5
ly,5
thrilled,4
gt,4
Link,4
re,4
times,4
share,4
each,4
followers,4
lives,4
without,4
orgs,4
supporting,4
G7,4
's,4
company,4
laws,4
England,4
states,4
Istanbul,4
Convention,4
There,4
set,4
move,4
words,4
conversation,4
wishes,4
ve,4
6,4
million,4
clothes,4
Take,4
via,4
others,4
Full,4
behind,4
communities,4
left,4
About,4
open,4
pay,4
female,4
tour,4
Justice,4
since,4
heart,4
knew,4
harassment,4
Fund,4
huge,4
World,4
Zambia,4
control,4
reminder,4
Only,4
100,4
Huge,4
speech,4
another,4
dress,4
wall,4
picture,4
small,4
Year,4
person,4
Very,4
Congratulations,4
Sunday,4
interviewed,4
BeautyAndTheBeast,4
until,4
big,4
press,4
BBC,4
tickets,4
Have,4
Mom,4
York,4
media,4
5,4
When,4
watched,4
before,4
looks,4
fan,4
AlanRickman,4
coming,4
First,4
course,4
better,4
phone,4
2,4
HeNamedMeMalala,4
Hello,4
questions,4
you're,4
Alejandro,4
completely,4
talk,4
honored,4
Wish,4
fans,4
morning,4
meant,4
tum,4
should,4
Impact10x10x10,4
tweets,4
summer,4
gone,4
trailer,4
Trailer,4
They,4
'The,4
twitter,4
says,4
Well,4
Midnight,4
vogue,4
Cannes,4
MTV,4
Awards,4
Haha,4
Guy,4
Jonah,4
perks,4
Nicki,4
sending,3
ll,3
whether,3
TRUE,3
same,3
helped,3
experiences,3
raising,3
funds,3
deliver,3
donating,3
someone,3
response,3
friends,3
Girls,3
must,3
podcast,3
keeping,3
playing,3
Governments,3
leaders,3
use,3
killed,3
Council,3
Let,3
longer,3
standards,3
global,3
action,3
hero,3
scary,3
perfect,3
towards,3
collection,3
End,3
months,3
donated,3
starting,3
wake,3
everywhere,3
IWD2019,3
May,3
sexual,3
marching,3
internationalwomensday,3
Really,3
pick,3
honoured,3
International,3
hurt,3
continue,3
LGBTQIA,3
involved,3
sisters,3
director,3
Congrats,3
movement,3
teen,3
Lorde,3
Race,3
blackhistorymonth,3
oursharedshelf,3
justice,3
movements,3
USA,3
through,3
P,3
information,3
death,3
Don,3
anything,3
9,3
short,3
Pride,3
After,3
everybody,3
choose,3
needs,3
research,3
meaningful,3
report,3
congratulations,3
girl,3
Eve,3
written,3
Do,3
missed,3
adore,3
bio,3
guest,3
Golden,3
Globes,3
bid,3
red,3
carpet,3
moving,3
iTunes,3
courage,3
together,3
signed,3
education,3
turned,3
weekend,3
affected,3
AWESOME,3
launched,3
Thursday,3
Will,3
July,3
club,3
four,3
created,3
less,3
surprise,3
InternationalWomensDay,3
talked,3
News,3
worked,3
link,3
special,3
sexist,3
later,3
poster,3
eyes,3
Proud,3
answers,3
generous,3
RT,3
shot,3
month,3
learn,3
VERY,3
Inspired,3
music,3
whole,3
bloody,3
Empire,3
State,3
Building,3
emotional,3
forward,3
laugh,3
reveal,3
22,3
U,3
'Our,3
Shared,3
Shelf',3
Who,3
running,3
Thought,3
Xxx,3
name,3
business,3
But,3
included,3
heard,3
buy,3
you've,3
Malala,3
played,3
trying,3
wow,3
took,3
personal,3
exactly,3
try,3
Beautiful,3
Hey,3
Come,3
magazine,3
job,3
recommend,3
which,3
Regression,3
Madrid,3
goodness,3
xxxx,3
award,3
2020,3
reach,3
comes,3
Iceland,3
reading,3
Joni,3
Eddie,3
little,3
isn't,3
speak,3
actually,3
commitments,3
ask,3
stories,3
taking,3
L,3
actor,3
sad,3
that's,3
section,3
noah,3
LOVE,3
soundtrack,3
Darren,3
gave,3
myself,3
warm,3
funny,3
You've,3
something,3
exclusive,3
7th,3
Green,3
looking,3
fashion,3
close,3
Yay,3
bad,3
Ezra,3
Like,3
nominated,3
won,3
seems,3
Actually,3
late,3
perky,3
message,3
often,3
hour,3
PerksOfBeingAWallflower,3
Tr,3
sor,3
Rose,3
Part,3
Had,3
2010,3
status,3
Oh,3
Renais,2
Chablis,2
Join,2
assume,2
means,2
pandemic,2
ones,2
spread,2
promise,2
Fans,2
career,2
revealed,2
Trans,2
deserve,2
told,2
racism,2
white,2
colour,2
workers,2
during,2
grassroots,2
critical,2
increased,2
consider,2
risk,2
advice,2
does,2
NOT,2
apply,2
services,2
experts,2
feeding,2
funding,2
victims,2
Awareness,2
aimed,2
governments,2
front,2
statement,2
helping,2
cry,2
Meg,2
play,2
role,2
urge,2
discriminatory,2
push,2
progress,2
BeBraveG7,2
date,2
number,2
govts,2
committed,2
w,2
ratify,2
7qdNRAZQLf,2
calls,2
NOW,2
Dr,2
joined,2
inspired,2
Violence,2
Against,2
fit,2
painted,2
23percent,2
roll,2
Londoners,2
23,2
London's,2
unworn,2
RCWiOsMCTm,2
2016,2
disaster,2
encourage,2
petition,2
demand,2
survivors,2
access,2
Girl,2
Female,2
student,2
hatred,2
fear,2
3rd,2
Theodore,2
Tom,2
November,2
Lisa,2
Ranran,2
Hu,2
powerful,2
December,2
own,2
Audre,2
p9xw3zcIEI,2
Reni,2
Eddo,2
Lodge',2
listen,2
social,2
learned,2
Community,2
used,2
express,2
activist,2
author,2
Jan,2
asked,2
reproductive,2
study,2
wear,2
direct,2
Oct,2
members,2
choice,2
characters,2
classic,2
Y,2
W,2
documentary,2
Got,2
said,2
spirit,2
Their,2
Calling,2
workplaces,2
applications,2
fund,2
Felicity,2
Jones,2
launch,2
celebrated,2
Alice,2
hundreds,2
GirlGuardians,2
bodies,2
safety,2
Ireland,2
fighting,2
else,2
schools,2
positions,2
seriously,2
BAME,2
MPs,2
top,2
timesup,2
remembering,2
risking,2
everyday,2
Noma,2
RanaPlaza,2
garment,2
congrats,2
Ensler,2
run,2
standing,2
ovation,2
students,2
position,2
Vogue,2
shoot,2
edit,2
editor,2
certain,2
became,2
ten,2
Legal,2
Defense,2
care,2
learning,2
ladies,2
TIMESUP,2
affects,2
across,2
Eleanor,2
production,2
including,2
Patti,2
crap,2
scared,2
Performances,2
0,2
living,2
return,2
families,2
giving,2
brave,2
Person,2
IWD2017,2
once,2
child,2
leading,2
pair,2
Help,2
poverty,2
MexicoRises,2
Chbosky,2
enjoy,2
stop,2
Mexico,2
HowEqualityHappens,2
final,2
Lionesses,2
cheering,2
lost,2
jzDJYb7bi0,2
hiding,2
copies,2
tout,2
evening,2
paid,2
20,2
equal,2
photos,2
cinema,2
Follow,2
scenes,2
memorial,2
midnight,2
WORLD,2
Tavi,2
Film,2
added,2
online,2
privilege,2
chance,2
screening,2
Team,2
WomensMarch,2
goes,2
Bangladesh,2
MP,2
Maya,2
Angelou,2
Was,2
Ottawa,2
scholars,2
opening,2
super,2
G,2
empowers,2
Also,2
case,2
Ted,2
Support,2
Thompson,2
June,2
Goal,2
achieved,2
Wimbledon,2
Anne,2
UNWomen,2
Tweeters,2
nVWNPy21za,2
WOMAN,2
pledge,2
features,2
race,2
storm,2
along,2
You're,2
Mavis,2
Staples,2
mad,2
total,2
IWD2015,2
yours,2
thisiswhatafeministlookslike,2
hashtag,2
lots,2
Look,2
lady,2
26,2
Men,2
MyLifeOnTheRoad,2
Super,2
Road,2
BEST,2
hello,2
45,2
IMPACT,2
parity,2
plus,2
second,2
terrified,2
Feminism,2
Loving,2
absolute,2
favourites,2
released,2
That,2
More,2
definitely,2
almost,2
far,2
Book,2
Club',2
ALL,2
Wonderful,2
moments,2
Young,2
cats,2
college,2
AM,2
finally,2
Beautifully,2
genuinely,2
insightful,2
2015,2
Honoured,2
beautyandthebeast,2
talent,2
adorable,2
state,2
supportive,2
Lets,2
theatre,2
scene,2
possible,2
happened,2
Buenos,2
la,2
pour,2
mysterious,2
filmed,2
food,2
dance,2
enjoyed,2
figure,2
Grateful,2
Toronto,2
John,2
terrifying,2
join,2
Q,2
AskEmma,2
Can,2
album,2
supported,2
Elle,2
Spain,2
updated,2
checking,2
University,2
Leicester,2
inequality,2
checked,2
Colonia,2
Amenabar,2
pain,2
Awesome,2
BfvrH8MA38,2
team,2
ethicalawards,2
account,2
Jean,2
aims,2
wants,2
massive,2
board,2
'Women,2
serious,2
'This,2
hey,2
couldn't,2
might,2
Women's,2
hilarious,2
Could,2
OscarsCufflinks,2
Frank,2
town,2
awareness,2
unique,2
reaching,2
feels,2
Universities,2
Businesses,2
happen,2
I'd,2
parliament,2
Here,2
Redmayne,2
weeks,2
Prime,2
producer,2
users,2
nothing,2
sense,2
ur,2
xxxxx,2
Going,2
forever,2
BringBackOurGirls,2
present,2
Brazil,2
Lovely,2
Hold,2
near,2
Where,2
NoahMovie,2
rewarding,2
Yoga,2
IT,2
S,2
leave,2
i've,2
learnt,2
humble,2
actress,2
THE,2
ABOVE,2
Seeing,2
Ila,2
strong,2
AND,2
Fire,2
Smith,2
idea,2
Queen,2
Your,2
totally,2
Merry,2
'I'm,2
papers,2
exams,2
heels,2
high,2
Hearts,2
Teaser,2
begins,2
obsessed,2
til,2
feeling,2
bottle,2
GQ,2
Richard,2
Curtis,2
talking,2
Magnetic,2
Diamond,2
Nearly,2
cut,2
though,2
Nutella,2
size,2
'Are,2
noooo,2
Song,2
2013,2
Cool,2
By,2
wimbledon2013,2
preview,2
Hahahahaha,2
Live,2
apples,2
Anna,2
next,2
Mitchell,2
nerds,2
Oops,2
Patience,2
Xxxx,2
Jake,2
Speedy,2
guy,2
'Perks',2
British,2
Israel,2
4th,2
wearing,2
Stone,2
down,2
Heathrow,2
sharing,2
Award,2
Maggie,2
goldenglobes,2
glad,2
Bit,2
Years,2
Much,2
Passport,2
Cat,2
leveson,2
Incredible,2
Lumineers,2
Big,2
snowing,2
squirrel,2
sandy,2
Hollywood,2
names,2
Huh,2
Mumford,2
tired,2
Smelly,2
smelly,2
celebrate,2
C,2
band,2
VMA's,2
23LZGtbp,2
art,2
sorry,2
PVA,2
glue,2
BUG,2
MOUTH,2
spice,2
Should,2
gums,2
Honestly,2
Icelandic,2
Apparently,2
B,2
K,2
FB,2
Andale,2
Arriba,2
'No,2
Roberts,2
kissing,2
anymore,2
Two,2
money,2
breast,2
cancer,2
touched,2
r,2
gutted,2
sleeps,2
HP,2
prize,2
SFNjIQau,2
Valentine's,2
Enjoy,2
Deathly,2
Hallows,2
filming,2
1m,2
Alberta,2
Ferretti,2
Exams,2
18,2
That's,2
Christopher,2
DH,2
Say,2
Want,2
introduce,1
Gin,1
ode,1
sun,1
kissed,1
vineyards,1
wine,1
carbon,1
neutral,1
lovingly,1
upcycled,1
grapes,1
RTZQRyOKGs,1
4uTgALwFaL,1
Petition,1
rDC42xx1JI,1
iasolidarity,1
LetsReset,1
75oKp3l9Ga,1
hoping,1
strange,1
safe,1
quietly,1
spending,1
failing,1
sourdough,1
bread,1
caring,1
virus,1
affecting,1
Rumours,1
engaged,1
dormant,1
ways,1
create,1
clicks,1
untrue,1
Three,1
Lessons,1
Adrienne,1
Maree,1
Brown's,1
'Emergent,1
Strategy',1
Colorlines,1
4qAhvbC5iK,1
PRIDE2020,1
perhaps,1
inclined,1
trans,1
constantly,1
questioned,1
aren,1
35Rtj8RgX8,1
playlist,1
podcasts,1
writing,1
analysis,1
discussion,1
understand,1
systemic,1
supremacy,1
indigenous,1
updating,1
ratings,1
reflect,1
brands,1
treating,1
covid19uk,1
HUGE,1
organisations,1
stretched,1
resources,1
vital,1
RYJxmzrqcB,1
experiencing,1
DomesticViolence,1
isolation,1
Police,1
bgKHaHXwUp,1
What's,1
needed,1
gov,1
Abuse,1
COBRA,1
planning,1
Emergency,1
charities,1
protecting,1
campaigns,1
potential,1
perpetrators,1
neighbours,1
solely,1
Abolishing,1
recourse,1
rules,1
member,1
GEAC,1
lens,1
COVID19,1
centre,1
recovery,1
efforts,1
Read,1
OzMP4QeY5U,1
unlockingus,1
COVID19Pandemic,1
PDmDmJJchN,1
FULL,1
gR21lMsd1T,1
KxwcY3LFxN,1
letting,1
spend,1
Bushy,1
Park,1
newsstands,1
ALpjiPanxG,1
Introducing,1
SV7B2ONrbb,1
crucial,1
either,1
promoting,1
thwarting,1
countries,1
ditch,1
9P5Ks6tq9P,1
Every,1
Wales,1
current,1
former,1
partner,1
34,1
Europe,1
ratified,1
drag,1
feet,1
35,1
responsible,1
combating,1
domestic,1
preventing,1
govt,1
ratifies,1
fully,1
complies,1
requirements,1
We're,1
asking,1
relevant,1
treaties,1
conventions,1
minimum,1
haven,1
stepped,1
reality,1
GenderEquality,1
Advisory,1
nations,1
Ditch,1
Push,1
progressives,1
Invest,1
implementation,1
Measure,1
treasure,1
G7Biarritz,1
JwXD8YCVxB,1
entirety,1
IGTV,1
fd92YjWaTc,1
Spoiler,1
Denis,1
Mukwege,1
facilitating,1
bFa3jnAjKA,1
Sexy,1
smashed,1
Extra,1
points,1
GOC208aADO,1
vocalise,1
sustainable,1
brand,1
SS19,1
incl,1
collaboration,1
glove,1
5xsDXppLEB,1
Reid,1
29th,1
xoxo,1
HMSHmPLtWd,1
update,1
drum,1
garments,1
we're,1
fix,1
XSJYaXWMvC,1
CycloneIdai,1
Mozambique,1
Zimbabwe,1
Malawi,1
welcomed,1
warmly,1
scale,1
unfolds,1
FGcp1SXCKN,1
fb339Ve3on,1
ensure,1
respected,1
protected,1
valued,1
realised,1
WK30,1
daW3t6DV25,1
q4VkUb2VBf,1
Fern,1
Champion,1
Theresa,1
guarantees,1
sustained,1
oyGh5ZE278,1
CgF5oPfyGO,1
Whether,1
dancing,1
rising,1
resisting,1
protesting,1
striking,1
uniting,1
celebrating,1
wishing,1
joyfulwarriors,1
VTfNxgQK46,1
April,1
Fierce,1
Femmes,1
Notorious,1
Liars,1
Dangerous,1
Confabulous,1
Memoir,1
H08354eZnF,1
sJMveDY0Qw,1
alongside,1
Nobel,1
Peace,1
Laureates,1
creatives,1
campaigners,1
advising,1
French,1
Presidency,1
caption,1
5ubq4uSOre,1
SH2phruBzw,1
Friends,1
capture,1
sRXQIQEUPn,1
Zero,1
Tolerance,1
Genital,1
Mutilation,1
shout,1
led,1
tireless,1
EndFGM,1
videos,1
ZeroTolerance4FGM,1
2kwIhjr2fK,1
YiOS8BxO9f,1
Disgusted,1
ugly,1
prejudice,1
bigotry,1
difference,1
society,1
fail,1
PoC,1
FFRPIbhOip,1
joy,1
xNqgGkS5PH,1
wNDcIE42Qu,1
cAQifjE8RM,1
Louisa,1
Alcott,1
Greta,1
Gerwig,1
Jo,1
Amy,1
Beth,1
Laurie,1
Laurence,1
0hngR0BJWX,1
FrancescaWoodman,1
SLLYm41yjy,1
14th,1
P5LzXOkKBH,1
21Under21,1
Amika,1
periodpoverty,1
lPjvcucHiv,1
Escape,1
following,1
transgender,1
China,1
89f4UAHyfP,1
LornaSimpson,1
TQsXXVCZzL,1
anger,1
within,1
progressive,1
coalitions,1
turn,1
mHfQgnn8N3,1
qU6yoyfmlL,1
unfree,1
shackles,1
HQCD0exlaD,1
5fcOrBAszC,1
8TZqM6DsKU,1
WontBeErased,1
drawings,1
ProtectTransKids,1
TransRightsAreHumanRights,1
r1wjHu6QRG,1
gJhA8MBfBq,1
TChvyeNLZJ,1
tFIVs69bfo,1
DayOfTheGirl,1
focused,1
organising,1
expanding,1
sustaining,1
future,1
v7dwB8ICUq,1
bcT5tl6CbF,1
LGBTHistoryMonth,1
feminism,1
anti,1
Sylvia,1
Rivera,1
Marsha,1
Johnson,1
wider,1
mdn3mI7ogg,1
Proceeds,1
Together,1
Cookbook,1
Hubb,1
Kitchen,1
facility,1
frequently,1
Grenfell,1
Tower,1
1ImuURbvv0,1
dTAy5oVcuv,1
Words,1
cannot,1
based,1
podcaster,1
journalist,1
Longer,1
Talking,1
White,1
Feb,1
2YSdA8rG9r,1
deepest,1
legacy,1
Savita,1
Halappanavar,1
whose,1
powered,1
determination,1
Irish,1
abortion,1
KZWRpp7btO,1
yLDXgcHKyh,1
Fellow,1
TRAID,1
offers,1
collections,1
picking,1
door,1
GlobalGoals,1
SDG12,1
uAtJUZbECI,1
SP,1
KY,1
TREAT,1
Sept,1
winner,1
Rebecca,1
gothic,1
thriller,1
drawn,1
prophetic,1
themes,1
creepy,1
ENJ,1
Yoda,1
L8yQCKTg3h,1
upcoming,1
American,1
Details,1
AZiJWNSZKc,1
8YLCcRwBA1,1
milkandhoney,1
TFYtI3jkra,1
directors,1
Supreme,1
Court,1
Ruth,1
Bader,1
Ginsburg,1
FeministFilmmakerFriday,1
appreciation,1
FsaGv7EEEt,1
xX4nMsAXGa,1
9h0WzZNN4M,1
Rupi,1
aged,1
search,1
tribe,1
kindred,1
Went,1
CrazyRichAsians,1
performances,1
pitch,1
kI8V7XGI0D,1
don,1
catalysed,1
hosted,1
Apply,1
P5OUUe0GBI,1
LeadingLadyParts,1
Gemma,1
Arterton,1
Hockey,1
growing,1
aiming,1
hockey,1
Cup,1
HWC2018,1
D7jlqZBBpP,1
RHZrxgPhqt,1
PrideinLondon,1
PrideMatters,1
Yesterday,1
DayoftheAfricanChild,1
childmarriage,1
UKAid,1
Match,1
appeal,1
unleashing,1
70TwkjZrcH,1
7n8KQaDuE0,1
awe,1
Processions2018,1
artwork,1
xlBMfiJEiJ,1
freedom,1
health,1
Thinking,1
together4yes,1
repealthe8th,1
CDNj9KoSGt,1
IDAHOT,1
LGBTQI,1
freedoms,1
protection,1
discrimination,1
homophobia,1
transphobia,1
biphobia,1
shared,1
goal,1
third,1
experienced,1
relationship,1
recognise,1
signs,1
An,1
SRE,1
8RPlUpSJ4X,1
Deepika,1
Singh,1
Rajawat,1
sZzDVcIFNo,1
under,1
represented,1
none,1
FTSE,1
publishing,1
SexandPower18,1
gpFGsY1lIK,1
4dKpSrMnFV,1
admiration,1
6Wfk4jQPsy,1
dominated,1
winners,1
security,1
planet,1
pHwkeio8Kd,1
VFyBQMJ6BG,1
Remembering,1
134,1
five,1
trade,1
unionists,1
safer,1
YIGxVitR3T,1
iuzQbWRKRN,1
completing,1
Body,1
beautifully,1
performed,1
staged,1
zUzUCfa0By,1
representing,1
week's,1
Q3FUZukfCB,1
Rv2Ugtr48s,1
MarchForOurLives,1
Washington,1
DC,1
gun,1
0boM1KLavO,1
CnF8UxnVh9,1
Listen,1
speaking,1
IWD2018,1
reunion,1
urxliG22kD,1
Fake,1
tattoo,1
proofreading,1
Experience,1
apostrophes,1
Yessss,1
Australian,1
JN7y5SrHxv,1
styled,1
Hannes,1
Hetta,1
Odile,1
Gilbert,1
makeup,1
Stephane,1
Marais,1
AQvpLzh1WK,1
dedicated,1
conversations,1
sustainability,1
Designing,1
Future,1
editing,1
dreams,1
p3vRQ1AEoh,1
bringing,1
90ymNXxElk,1
D5Ebz48KAn,1
100years,1
eligible,1
given,1
Parliament,1
Amidst,1
celebrations,1
let's,1
excluded,1
voting,1
denied,1
political,1
voice,1
Get,1
GDLNSl9UH5,1
Auctioning,1
dresses,1
raise,1
TIME'S,1
UP,1
RVDK,1
Q1D1UFlzht,1
walked,1
darn,1
articulate,1
trust,1
compassion,1
3KWVYE0CKx,1
beaming,1
yiXlNC09r4,1
wore,1
70dv8yp9QJ,1
silence,1
speaks,1
breaks,1
crack,1
Globally,1
lifetime,1
55MnFKwKo3,1
Marai,1
industry,1
marginalization,1
underrepresentation,1
Sign,1
tp9YDjZ0qw,1
KW2b5BGgbX,1
Columbus,1
Sisters,1
particular,1
dad,1
Chris,1
independent,1
Maiden,1
Voyage,1
Pictures,1
Cakes,1
Kps5CFmE0v,1
Millennials,1
Belleville,1
wont,1
regret,1
Haiti,1
orphanages,1
exposed,1
exploitation,1
YGq4AJdcKs,1
happens,1
industries,1
TSEodkTfDf,1
Ford,1
allowed,1
alone,1
SILENCE,1
BREAKERS,1
voices,1
jUwITSW1qo,1
2012,1
becoming,1
bride,1
Gov,1
DOUBLING,1
donations,1
EndChildMarriage,1
ulsQVrZPmc,1
GivingTuesday,1
U8Ixx7UQ7c,1
boots,1
gain,1
kZYM7B6jSw,1
CIDUN9Ohwo,1
qNf8SPZkGY,1
eSuhbl0ghj,1
Steve,1
choosekind,1
sHIsAGNYcG,1
instance,1
indeed,1
suffered,1
sexually,1
harassed,1
awestruck,1
bravery,1
mistreatment,1
devastated,1
earthquakes,1
zRUYG4W0X7,1
6yLsnzoDRb,1
Anoosha,1
DcD9D2s03t,1
announce,1
20M,1
underfunded,1
timely,1
invest,1
PW7Z14MVJj,1
Goalkeepers17,1
Modern,1
slavery,1
40m,1
71,1
UNGA,1
m0sEicJrJO,1
B8ksj68y6k,1
MUCH,1
Means,1
semi,1
Reward,1
rings,1
16th,1
Mandarin,1
Oriental,1
spa,1
w9EHqZ8bmR,1
osaNJVcKMV,1
vJTHFmFgjl,1
Handmaid's,1
Tale,1
Je,1
cache,1
des,1
de,1
La,1
Servante,1
Ecarlate,1
dans,1
OSSParis,1
SvwjYqm1G3,1
register,1
election,1
3FjKcTfIiH,1
UseYourVoice,1
jP8lWAkARq,1
MTVAwards,1
YQqrjeAfIr,1
whomademyclothes,1
KtIgR86qEc,1
NrsOdeVikj,1
average,1
Hispanic,1
20PercentCounts,1
Ldz2MxhZqF,1
cG6CF8NzVv,1
here's,1
P59dpN3m6B,1
8jdQ3axXul,1
FM1VZEJQDG,1
opens,1
CoNaybGFqS,1
SNs1bIGuI1,1
U3RFJlZAzQ,1
9OPIAyympV,1
peek,1
Plus,1
kittens,1
courtesy,1
BMrElSaCru,1
KROEfmGdE3,1
rtsJwKzh9o,1
Roosevelt's,1
monument,1
cn2EffRyzd,1
LUz2Dyi9mv,1
Gertrude,1
Stein,1
statue,1
kJhmZfvBzw,1
rb81acPFkn,1
Joan,1
Arc,1
p8qrMJBbXk,1
jdiUGgl3F5,1
bookstore,1
6Se2KbIZEQ,1
Harriet,1
Tubman,1
fmjY1zro14,1
wJTKDBfjPg,1
GCroQSkQwH,1
fairies,1
mark,1
IWDoursharedshelf,1
2014,1
Beyonc,1
bold,1
Y8vumOeyDT,1
Via,1
Bath,1
Festival's,1
F,1
Rating,1
site,1
IMDb,1
D87ftiHxLj,1
Graydon,1
Carter,1
Tim,1
Walker,1
0cwQv7yU42,1
n72imoeDjy,1
Devastated,1
Bill,1
hearted,1
BeautyandtheBeast,1
sJvaBi5b1d,1
p2eKUZWCSw,1
Alan,1
Menken,1
aladdin,1
pocahontas,1
thelittlemermaid,1
bS7YLr6n0W,1
Instagram,1
follow,1
journey,1
PL1YPKxgj4,1
Poverty,1
iTsGRbSiA6,1
Contraceptives,1
greatest,1
antipoverty,1
innovations,1
history,1
CkqOcXL5Z3,1
Reading,1
annual,1
lifted,1
spirits,1
Od7G6RvjGe,1
jbWYbXJQrD,1
5Dp3fUeQEp,1
HkSrOqFTmk,1
dYZPxJ13FI,1
kDHkIWMzQz,1
IStandWithPP,1
VF2JCmDKwq,1
fundraising,1
StandWithPP,1
Hamilton,1
9JYiVBlHyO,1
TLzATBC2og,1
iE6YzVCKus,1
factories,1
sack,1
protests,1
wGXSwlbA9n,1
JEbD7YG94L,1
Tweet,1
5aeIfgHTZy,1
TTSxApXok1,1
MUST,1
WATCH,1
girlpower,1
URlJKNqqWh,1
teaser,1
tvlNKRTruX,1
H4yVuVDTKL,1
sSXZBVFjLz,1
subway,1
Then,1
harder,1
geeking,1
PlanetEarth2,1
starts,1
TONIGHT,1
8pm,1
9pm,1
Earth,1
Nordics,1
peeled,1
tube,1
gNs07Q9AQf,1
j7z4aIJnZI,1
goal5,1
12pB2DGL0t,1
ceremony,1
jmwQunE64k,1
Ready,1
training,1
bfJOpB1rLC,1
WeAreLumos,1
Limited,1
edition,1
shirt,1
oFcPbxT25c,1
fLjItjHtw6,1
welcoming,1
introducing,1
Kentucky,1
0AVLqYfGzJ,1
vHNFf0oquD,1
Some,1
depth,1
thoughtful,1
37S8q9E0LX,1
Inequality,1
Literacy,1
4nbp6rL6Cl,1
ProjectLiteracy,1
m0HMMoy6xH,1
SREnow,1
knowledge,1
pride,1
identities,1
cGoI5VDbo1,1
StandWithLeslie,1
tqWSPe2Xw8,1
Talks,1
Truly,1
UPUGwbpmcR,1
ArcticHome,1
Dove,1
Olympics,1
Respond,1
directly,1
commentary,1
athletes,1
WVPBNsr8EX,1
changethestory,1
StjAYd3uwU,1
HarassedAtWork,1
Marjane,1
Satrapi,1
OurSharedShelf's,1
'Persepolis',1
6Sj05cScqj,1
7gQ7oeQTkQ,1
August,1
HungerMakesMeAModernGirl,1
CarrieBrownstein,1
nVWNPxKqaA,1
JwbCtiKFUP,1
Hermiones,1
xkh0PQyZEr,1
WhatIReallyReallyWant,1
25,1
rally,1
SerenavsMcHale,1
breakpoint,1
j3vJoJPmfs,1
accomplish,1
LeanIntogether,1
e8Li5t87YR,1
CAd95PFIjn,1
excuses,1
Euref,1
iArHqo3KjQ,1
loveislove,1
doc,1
1IxU7ILMKl,1
decide,1
GrHeKaUsD9,1
lose,1
Register,1
dHve67g86t,1
EUref,1
ReadyToVote,1
nuzYbRQ032,1
Persepolis,1
MarjaneSatrapi,1
EoTBdqB34f,1
4YdD7VZS7n,1
BeAWitness,1
EstuproNao,1
CulpaDaVitima,1
RedNoseDay,1
jMgTnPGxgL,1
WDslslsWkO,1
7noJDO2oQf,1
mayoral,1
k3H8L01RgE,1
ydjOXaO8vo,1
FXKpT4N0yM,1
Professor,1
Trelawney,1
Ms,1
Potts,1
baking,1
frackfreebakeoff,1
LgXacjKOS7,1
mBsyDmkQYr,1
Ascent,1
Yr0Kk9ZGZA,1
RedrawTheBalance,1
understatement,1
wouldn't,1
beatbox,1
ANYONE,1
ELSE,1
Gryffindorisbest,1
appears,1
outrageously,1
Iphone,1
HsspvVHDhN,1
spoke,1
diversity,1
He's,1
Heforsher,1
Despite,1
Slytherin,1
malarkey,1
EmpireStateBuilding,1
ja3NxJp7H5,1
u7R5sAbD73,1
likeagirl,1
moreemojis,1
agh,1
HN2nK5PaPR,1
Magenta,1
dontlookdown,1
pNhQu0RaHG,1
badge,1
honor,1
sir,1
RIGHT,1
emoji,1
whaatttttt,1
Type,1
logo,1
automatically,1
appear,1
IWD16,1
Let's,1
famous,1
9hv1wpAaA7,1
thisiswhatafeminstlookslike,1
IJok54gdau,1
Ah,1
HeforSher's,1
gi52B5ehTV,1
outside,1
windows,1
dusk,1
PINK,1
pYrboITexa,1
Looking,1
Forest,1
ArtsWeek,1
oMTM5EUXez,1
hardly,1
howtobeawoman,1
vid1DUOzMM,1
amyaronson,1
JBjNBhQaVB,1
SU6GBbm5Ri,1
contributions,1
mag,1
pages,1
involves,1
Featuring,1
XdA3lCvXMI,1
J1B3jfLB1K,1
Wednesday,1
KD7m7dpmB2,1
rz6GDIZR2W,1
W97DZ1EpP6,1
qGrx0Ks7i8,1
Firms,1
forced,1
gap,1
CoJvOg1uZx,1
Fascinating,1
lvoxdy8shg,1
m1Psu5s23e,1
stars,1
Life,1
Gloria,1
Steinem,1
vCvLEuxBoP,1
5Dbor6mub9,1
Evening,1
Corrs,1
2,1
drums,1
CET,1
8,1
GMT,1
3,1
EST,1
k14yLWoB4R,1
Champions,1
releasing,1
1st,1
moderate,1
reqoA5nfFP,1
Kw5lbS2o8v,1
MLKDay,1
yg4ibY8bbd,1
fwMvp0lmiX,1
NFyKKsVhpJ,1
e7Pyubd8qn,1
Google,1
Dan's,1
essay,1
recent,1
alanrickman,1
4WXwnoUtM7,1
hlMryJMr36,1
star',1
errr,1
non,1
i8AHZwxf38,1
Remain,1
Politics,1
Level,1
Government,1
Turn,1
j0qkcoQbiQ,1
'update,1
progress',1
situation,1
motivated,1
gxiqy4GehA,1
rTcsYOzlUR,1
BowieRIP,1
moderator,1
mylifeontheroad,1
bookclub,1
ZX3ze6BAc5,1
official,1
road,1
shelves,1
Goodreads,1
axal8gEr5O,1
memoir,1
seemed,1
place,1
2begin,1
ideas,1
suggestions,1
info,1
decided,1
obviously,1
bell,1
hooks,1
defo,1
list,1
Does,1
Emma'sBookClub,1
brainstormed,1
'Feminist,1
'Emma,1
Dumezweni,1
stage,1
harrypotterandthecursedchild,1
SuicideAndMe,1
RGbdtwHZBt,1
'After,1
international,1
community,1
pledged,1
improve,1
41,1
charged,1
deadly,1
Rana,1
Plaza,1
factory,1
collapse,1
DyvCSZ0jOE,1
vrVv6utXuJ,1
CWvtw4p6OQ,1
feminismisfun,1
feministsolidarity,1
friendship,1
daymade,1
admire,1
disappoint,1
LOVING,1
kDfWh4yeCj,1
Carey's,1
exquisite,1
Carey,1
Mulligan's,1
Madding,1
crowd,1
dressed,1
Santa,1
Rudolph,1
screensaver,1
Christmasiscoming,1
named,1
rescue,1
'great',1
qWIGbFWn4f,1
wSpMzWQ8qr,1
s7hTftc3Tn,1
Privilege,1
host,1
AvailNow,1
Mustsee,1
cZENlca99w,1
gS4aG0eaLO,1
amongst,1
J3x2TcP9wM,1
GOODNESS,1
7xt2yWZyQn,1
25-Nov,1
Int,1
l,1
orangetheworld,1
m7ZQWfFyJz,1
16days,1
WomenoftheHour,1
GXCNyYwkLQ,1
episode,1
Rookieyearbook4,1
fake,1
fur,1
sandals,1
Made,1
qLxsRkcqdp,1
EXCITED,1
h0kGLljH58,1
IXwB0pajR6,1
9aMF8oTvfY,1
PrayingForParis,1
cureEB,1
NB,1
contains,1
graphic,1
medical,1
detail,1
ClbBc3QSV5,1
ebTpV08Lwg,1
0RqaOLY9j7,1
Pretty,1
blown,1
AnnaCross,1
Ebola,1
nurse,1
survivor,1
FestivalofRemembranceService,1
QfuQzusB3n,1
Malala's,1
father,1
DEFINITION,1
Intimate,1
parts,1
suspenseful,1
itself,1
vpBffFJktF,1
balanced,1
government,1
Because,1
Coolest,1
Canada,1
8bypuiBNMX,1
1G83qjgvJn,1
notjustamovieamovement,1
LVaKz2A60N,1
Halloween,1
HDsWKojsQ2,1
30x,1
legend,1
opinion,1
Jennifer,1
Lawrence,1
didn't,1
2everyone,1
thinking,1
standard,1
practice,1
Bruce,1
realises,1
QHogOflPYn,1
reported,1
differently,1
meditation,1
yoga,1
teaching,1
certification,1
unrelated,1
spoken,1
relationships,1
didn,1
referencing,1
3K2k41eu5M,1
project,1
Blank,1
Space,1
Genius,1
area,1
expertise,1
Dias,1
ravi,1
que,1
vous,1
etes,1
soutenir,1
avec,1
mon,1
nouveau,1
Merci,1
beginning,1
sung,1
groove,1
Aires,1
Weather,1
inside,1
related,1
strongly,1
psychology,1
degree,1
helpful,1
wor,1
motives,1
formed,1
mum,1
Angela,1
backstory,1
explained,1
Lyra,1
His,1
Dark,1
Materials,1
climbed,1
CN,1
tower,1
Others,1
Her,1
complex,1
East,1
Eden,1
Steinbeck,1
blue,1
adult,1
Hardest,1
Speech,1
dialect,1
coach,1
lived,1
difficulty,1
honesty,1
8l3ygA56S6,1
public,1
speaker,1
i'll,1
Vh1kRgDAx5,1
River,1
Smooth,1
Sailin',1
cominghome,1
minute,1
'Coming,1
Home',1
S6GhtDOIVU,1
13XSZ2yRRu,1
Lorraine,1
yQMXaUftEw,1
Sight,1
Sound,1
Gaze,1
'100,1
overlooked,1
women',1
iitgp1palZ,1
header,1
GetFreeUniversityTour,1
Unsurprisingly,1
Robb,1
Jennings,1
NottinghamUniversity,1
kxIvHtGEyq,1
I'll,1
notifications,1
GetFreeTourUK,1
DfUVNcreQu,1
inaugural,1
GetFree,1
Tour,1
unspeakable,1
watchable,1
understandable,1
taughtnottrafficked,1
TG5UZyzbRF,1
Tackling,1
add,1
12TRILLION,1
economy,1
finds,1
OhBjtzNJKF,1
camera,1
realized,1
selfies,1
tomhanksselfielove,1
Exclusive,1
photo,1
opWjyeBe3j,1
NYFW,1
Karlie,1
Kloss,1
qPWgZE7F25,1
youtube,1
channel,1
Klossy,1
refugeeswelcome,1
artist,1
Y0IXOlVcde,1
Came,1
technology,1
wz6rWZxkcN,1
GP7g9Sc5FC,1
YmDtOiwEGP,1
fact,1
wB5MqhLDNL,1
experience,1
V1DJUZC3mo,1
'hitting,1
nail,1
head',1
xmqnmJktLf,1
Physical,1
physical,1
hardship,1
threat,1
Courage,1
willingness,1
confront,1
agony,1
danger,1
uncertainty,1
intimidation,1
4WIuK8epsr,1
aggeesss,1
WW8SzlzSQA,1
attention,1
Linda,1
Kelsey,1
Important,1
9KpYFheAbP,1
bsZZc2txQu,1
outlines,1
oWwv9g1eeG,1
developments,1
underway,1
nUd2pYY65i,1
10x10x10,1
champion,1
Arthur,1
Peter,1
Mutharika,1
impacting,1
championing,1
CHANGE,1
30K0liUPiC,1
OdSIoiVBgs,1
mgcx3Hx6n4,1
tZozj1aWyh,1
Special,1
accepted,1
behalf,1
awarding,1
Campaigner,1
CTWIALcm9S,1
WmE4hMiNYo,1
Hear,1
Roar,1
TLc46WiIUg,1
semifinals,1
eL9tBWQ0eN,1
NumgCTI0s9,1
cross,1
Med,1
Pls,1
Q9svZ3YXle,1
VH82JdKtPw,1
Sao,1
Paulo,1
promised,1
educate,1
refugee,1
providing,1
refugees,1
Pascal,1
Tricoire,1
salary,1
equity,1
expand,1
85,1
employees,1
2017,1
hires,1
Dominic,1
Barton,1
undergraduate,1
recruits,1
increase,1
representation,1
senior,1
leadership,1
2018,1
exceed,1
boards,1
tec,1
SvyulGTbvd,1
These,1
8,1
Leaders,1
Are,1
Taking,1
Major,1
Steps,1
Towards,1
rKsLSf3BBE,1
gratitude,1
6BzIfJdVss,1
speechless,1
Brilliant,1
represent,1
thirds,1
illiterate,1
population,1
60,1
graduates,1
Feeling,1
realisation,1
result,1
confrontation,1
devastating,1
Gunnar,1
Bragi,1
Sveinsson,1
increasingly,1
recognizing,1
mobilized,1
nation,1
FtOaAfGx9T,1
stupid,1
yUYuwiEVdT,1
beings,1
alike,1
essential,1
twrmdu9NEX,1
Red,1
Nose,1
gYFGIwLbVK,1
UNiTE,1
OrangeDay,1
orange,1
NO,1
uDWI3MbUIS,1
Cogsworth,1
Nn8w6MwKyr,1
86ltkvAmyH,1
photographed,1
2nmuFRrCdH,1
Elisa,1
believes,1
Heard,1
concentrate,1
she's,1
WNiRd8HEF3,1
deal,1
7pm,1
familiar,1
RND15,1
GREAT,1
XbKFAZPxWt,1
aren't,1
Bluestone42,1
Monday,1
u6y1mkCyxm,1
Bonjour,1
Gaston,1
oerhe1ilGs,1
aboard,1
F1ghG3pvcU,1
Oscars2015,1
TheoryofEverything,1
PatriciaArquette,1
2CQk7uIeBt,1
SOTZ6VKw1A,1
WXk8oGurqq,1
W5TcnteQwK,1
TURKISH,1
MEN,1
m9ohs9lF4h,1
ozgecanicinminietekgiy,1
marrying,1
Prince,1
prerequisite,1
Princess,1
vjodTAgEcC,1
Courtesy,1
Alfonso,1
Cuaron,1
Remember,1
believing,1
agree,1
bits,1
MarinaKeegan,1
ce5gcV0tug,1
quotes,1
Diary,1
hgJzyNVxQv,1
Little,1
quiet,1
village,1
tee,1
Belle,1
Disney,1
ahh,1
boss,1
Tell,1
confusing,1
binary,1
exist,1
spectrum,1
amazed,1
become,1
aware,1
Hopefully,1
opportunities,1
pull,1
themselves,1
Spreading,1
exists,1
Become,1
engineer,1
GPsGY3TxsS,1
belong,1
Conviction,1
depends,1
peoples,1
circumstances,1
perseverance,1
ears,1
Impossibile,1
wanting,1
specific,1
tailored,1
institution,1
whats,1
concerete,1
least,1
businesses,1
universities,1
Whatever,1
YES,1
Plans,1
motion,1
regardless,1
sexuality,1
religion,1
Everything,1
inherently,1
signatories,1
EXa64CENoT,1
unwomen,1
Tangibility,1
concrete,1
Give,1
intentioned,1
IS,1
key,1
program,1
engage,1
goals,1
expect,1
overnight,1
visible,1
Explain,1
downsides,1
presidents,1
prime,1
ministers,1
CEO's,1
recruiting,1
sent,1
Website,1
Cameroon,1
quit,1
sold,1
Davos,1
Send,1
TheTheoryofEverything,1
unmissable,1
devoured,1
Torch,1
Tiny,1
Things,1
Wild,1
Sohana,1
EB,1
YpZaZLcrxb,1
EBtonguetwister,1
l7FsqMlPD3,1
Swedish,1
Minster,1
fven,1
joining,1
FFBmDRglUu,1
Goodwill,1
Ambassador,1
'Men,1
Rape,1
Discrimination',1
MARD,1
India,1
screenwriter,1
singer,1
BCLdIXPbL4,1
LorraineELLE,1
dbSkHAckG3,1
rk2MZQ6ATQ,1
1989,1
Hero,1
MalalaYousafzai,1
ghTZfhsMEs,1
HQ,1
DtbCwoX6Ms,1
Between,1
20th,1
Sep,1
2nd,1
1million,1
750K,1
BILLION,1
wK0e7Yje8J,1
YdI7mOslmF,1
QsmTaATUAm,1
Daddy,1
Alex,1
'Two,1
's',1
fWPFG7G917,1
mattdamon,1
LnZlS3FJlj,1
KnAMMt6shK,1
bO8QlbC8HU,1
tdcpRMyT32,1
mentalities,1
order,1
establish,1
common,1
NtkLpMTUzT,1
b2qzm7h0mS,1
signing,1
map,1
cl76Voh0D0,1
launching,1
EXa64CncgP,1
Uruguay,1
atmosphere,1
womeninpolitics,1
Even,1
worse,1
privacy,1
violated,1
accompanying,1
comments,1
lack,1
empathy,1
Suicide,1
Silence,1
Among,1
1u2kzWNpDt,1
liberates,1
prescribed,1
stereotypes,1
EMMA,1
T,1
73LH74bSne,1
PhJJyEnn7E,1
explored,1
party,1
touchable,1
9P2LdJ3GN5,1
collaborator,1
clever,1
touchablefashion,1
YkvWKN3iqo,1
DaveLegeno,1
resting,1
peace,1
United,1
Nations,1
Entity,1
Empowerment,1
9ABpKSrNCb,1
AMAZING,1
phenomenally,1
Phenomenally,1
me',1
savour,1
deeply,1
7DCo2sFlIY,1
Ts1nej4xve,1
zYNp9YeYP0,1
held,1
accountable,1
crimes,1
pressure,1
boulevard,1
UtNx7fKQYq,1
ygv2t4QiMx,1
shooting,1
FairTrade,1
17,1
yvHYg1iVmT,1
Ari,1
Handel,1
dhtglz5f8l,1
QKiRl7foNa,1
FINALLY,1
Austria,1
Finland,1
Norway,1
Sweden,1
Taiwan,1
South,1
Africa,1
Panama,1
Colombia,1
Final,1
Square,1
i'mhome,1
hats,1
America,1
TOMORROW,1
QSCAgDz1Fj,1
fHrxtXLEjN,1
composer,1
MlsdjpEIEH,1
meeting,1
Jason,1
zBhgmKkIxB,1
gICFIqpD8r,1
trended,1
28th,1
cried,1
badly,1
Mood,1
Occasion,1
Comfort,1
collaborating,1
designers,1
Oscars,1
ABSOLUTELY,1
Of,1
respectful,1
actors,1
tries,1
worry,1
Books,1
Music,1
Small,1
acts,1
kindness,1
Food,1
Travel,1
contemporaries,1
Family,1
Animals,1
David,1
Heyman,1
GOOD,1
Absolutely,1
physicality,1
changes,1
helps,1
distinction,1
between,1
Watchers,1
angels,1
fallen,1
earth,1
Fountain,1
Separate,1
doesn't,1
necessarily,1
clinical,1
BOO,1
scare,1
internet,1
listened,1
XX,1
'Angels',1
Roosevelt,1
'the,1
arena',1
CvdhjJT0bJ,1
Katniss,1
intimate,1
drama,1
gets,1
smart,1
hola,1
awful,1
Massively,1
opportunity,1
pushed,1
further,1
Heinz,1
tried,1
'sir',1
Tony,1
truly,1
EMPATHY,1
listener,1
Working,1
richest,1
You'll,1
breathless,1
OF,1
Humble,1
Brave,1
Strong,1
arc,1
fell,1
asleep,1
mid,1
rainbow,1
incredibly,1
relatable,1
vulnerable,1
wise,1
dimensions,1
ABOUT,1
entertaining,1
original,1
Immensely,1
creative,1
Inspiring,1
Genuinely,1
provoking,1
dSA5IwFqJy,1
oB2auWcXfo,1
Ask,1
kM5K2nEGd1,1
ctdZJbKOql,1
highly,1
Ava,1
Ouw0vc2GjU,1
qLDuXjFcDD,1
Hola,1
lapel,1
cula,1
5ySBknuaBE,1
NoahPressTour,1
Berlin,1
NoahTour,1
OdwN6ot6ou,1
Riley,1
Marketing,1
szpkL72Vp9,1
as5p6mA0qi,1
kMP6kM8LKn,1
sixnations,1
Los,1
Angeles,1
gives,1
chills,1
itsfinallyhappening,1
wgEX34x5AI,1
GtH2yewdy6,1
spiky,1
691dCq7fcH,1
nfFf6m1Vsl,1
h6ia6FHqU6,1
'A,1
poem,1
finished,1
abandoned',1
Cadogan,1
Hall,1
Donating,1
old,1
laptop,1
computers4africa,1
They'll,1
collect,1
wipe,1
drive,1
Wonder,1
wonder,1
wonderland,1
jZYJTtBRBg,1
'Beautiful,1
attention',1
Listening,1
'Happy',1
victorydance,1
Wonderland,1
Out,1
February,1
Afro,1
Prada,1
Bruiser,1
Elf,1
Alien,1
NOAH,1
lVkjCwCAyH,1
Computer,1
crashed,1
Pain,1
au,1
chocolat,1
easy,1
eh,1
Loved,1
casual,1
superhero,1
cape,1
XxSFZJCGdC,1
Kent,1
Surrey,1
Sussex,1
alright,1
cooler,1
polar,1
bears,1
toe,1
nails',1
OutKast,1
Anyone,1
handing,1
dooo,1
ittttt,1
TQwxkSaeTu,1
miniafro,1
BkupQ95Ok9,1
Kerry,1
Hallihan,1
FPtwbWeg6X,1
wonderlandmagazine,1
behindthescenes,1
februaryissue,1
A2gmoFmJEw,1
Met,1
Ball,1
Burberry,1
SmallStepsShoeAuction,1
cause,1
sXMeMvB6Kf,1
guestediting,1
February14covergirl,1
itbegins,1
Jypz4Kxu4J,1
Beating,1
King,1
Charles,1
16KOfpVkBY,1
3cvMuaDCU7,1
Poster,1
ebymlhh4WK,1
yHXILpLWSs,1
Still,1
HarryPotterWorld,1
watford,1
0FCrOefZmL,1
Imperative,1
Watford,1
Believe,1
LeoJx8Gz4X,1
docile,1
babysitee,1
pleasure,1
weird,1
tiger,1
Helena,1
fabbest,1
googling,1
Shakespeare,1
Sonnets,1
Fell,1
Pun,1
intended,1
unbelievably,1
lovebook,1
putting,1
poetrylives,1
Burn,1
stayed,1
finishing,1
Pittsburgh,1
crew,1
Fault,1
Stars',1
Amos,1
Lee,1
luke,1
confess,1
mehico,1
Genie,1
Christina,1
Aguilera,1
tune,1
reckon,1
kept,1
maiden,1
Eyes,1
Prize,1
Granger,1
Bangladeshi,1
union,1
chief,1
brings,1
wage,1
yADHuRNUMB,1
Livia,1
Firth's,1
Carpet,1
Challenge',1
ak71TgXDG3,1
Edit',1
LoPnuIrR7f,1
promote,1
environment,1
friendly,1
3ns03e1Tqw,1
jealous,1
K8EWOULoSv,1
finish,1
line,1
inglis,1
IMPOSSIBLY,1
expectations,1
maniac,1
chatting,1
loudly,1
pelting,1
Maltesers,1
shXjLu6PQT,1
throwing,1
general,1
hilarity,1
contingency,1
coolest,1
earnest,1
Seamus,1
Heaney,1
died,1
eZOr5FT7em,1
drink,1
witty',1
Fields,1
Lavender,1
Everybody's,1
Breaking,1
LilyCat,1
tweeting,1
stationary,1
nOjLkmdXHS,1
stationarylove,1
thankyou's,1
cute,1
whoever,1
ZKOQrej8cN,1
Amusement,1
Know,1
Limits,1
Enfield,1
comedy,1
cG80duuDYF,1
'hunky',1
studmuffin,1
word,1
boy,1
yayforperks,1
tempting,1
royals,1
apps,1
nerd,1
headsup,1
download,1
IMMEDIATELY,1
ultimatecharadesgame,1
hoursofentertainment,1
scissors,1
pixie,1
managed,1
restrain,1
Close,1
console,1
crepe,1
'It's,1
Mark,1
Twain,1
Adam,1
Submarines,1
keys,1
HUNGER,1
GAMES,1
Hungry,1
Games,1
chick,1
Ringing,1
Phosphorescent,1
Zula,1
'And,1
mayor,1
crazy,1
Before,1
killing,1
wisdom,1
loveit,1
77th,1
andymurray,1
wimbledon,1
Jove,1
THINK,1
HE'S,1
DONE,1
Guillermo's,1
effects,1
scope,1
BIG,1
battles,1
Mako,1
pacificRim,1
july12th,1
teaches,1
meditate,1
zYYrLlfrM9,1
hypothetically,1
interest,1
gunningforit,1
CQWX2iio6F,1
UleeyeR5SU,1
Matt,1
Quiff,1
Teen,1
OOc4EVDekM,1
inspiration,1
Landfill,1
Harmonic,1
FRnFmHipgi,1
Layla,1
Eric,1
Clapton,1
Unplugged,1
lnhJwZNw6f,1
um,1
rid,1
sofa,1
replaced,1
ping,1
pong,1
table,1
decision,1
gameon,1
awesommmeeee,1
quiff,1
ill,1
begging,1
'Do,1
teEt2B0uty,1
Better,1
Edward,1
Sharpe,1
Zeros,1
zBBXrjK8lp,1
End',1
thisistheend,1
Outrageous,1
talented,1
bPnIRhp1uz,1
interviewing,1
Speaking,1
relation,1
Behind,1
o1qUb2xvdC,1
Having,1
Shame,1
shoes,1
wa,1
UyC9aJbFun,1
interviews,1
realising,1
eaten,1
tongue,1
green,1
Tye,1
Sheridan's,1
'Mud',1
iloveellis,1
Rinnngggg,1
Fittings,1
soexcited,1
Pinch,1
punch,1
virtue,1
faith,1
Simon,1
Pegg,1
eloquent,1
qbAQ4g0QDS,1
yeeeessa,1
Boston,1
Bugg,1
Broken,1
Lightning,1
Bolt,1
uxRcs8rSeD,1
youuuu,1
Call,1
erm,1
refund,1
iphone,1
l9p3oLLQXh,1
savethearctic,1
org,1
Patrick,1
currently,1
trekking,1
Arctic,1
218cFMGGF6,1
Sandman,1
Kirsty,1
McGee,1
0MpATzKtAK,1
Electric,1
Guest,1
Head,1
RIP,1
Griffiths,1
'excuse,1
beach,1
flip,1
flops',1
Sales,1
rep,1
'O,1
thong,1
slippers',1
Whaaatt,1
Crickey,1
Blimey,1
O'Reilly,1
Holy,1
Cricket,1
GlobalGreenUSA,1
Natural,1
zVP3rWJHWM,1
sorted,1
thinks,1
Shades,1
Grey,1
coollady,1
embarrassing,1
IoDS1qyuIB,1
Broussard,1
Katie,1
Chang,1
helm,1
BlingRing,1
'star',1
probably,1
lead,1
marketing,1
misleading,1
CAMFED,1
Chromatics,1
lovesid,1
kPBVhOwzwY,1
organised,1
coordinated,1
calendar,1
ridiculous,1
Rosetta,1
headset,1
feature,1
Independent,1
Spirit,1
Laura,1
Marling,1
blackberry,1
stone,1
dropped,1
iPhone,1
soup,1
tone,1
multitasking,1
Valentines,1
Often,1
particularly,1
dignified,1
newsworthy,1
R,1
General,1
opinion's,1
greed,1
Whenever,1
gloomy,1
arrivals,1
gate,1
Airport,1
q5j5hZI5,1
Diana,1
Vreeland,1
Eye,1
Travel',1
DVD,1
QhSvcIA0,1
Superbowl,1
'Ok,1
Bowl,1
'well,1
Blind,1
Side,1
Think,1
artists,1
musicians,1
Reckoning,1
Wankelmut,1
Remix,1
Sinatra,1
Lady,1
Tramp,1
4Cu53Q5y,1
yay,1
Rooney,1
Mara,1
STILL,1
smiling,1
remember,1
smiley,1
killingit,1
Adele,1
Damian,1
Lewis,1
Brits,1
Baked,1
Beans,1
toast,1
Haim,1
Save,1
Tonight,1
Getting,1
rags,1
damn,1
figured,1
MI6,1
RBXl1sQA,1
blissful,1
forgetting,1
fellow,1
squawkers,1
Guys,1
'unaccompanied,1
minor,1
'sorry,1
'where,1
guardian,1
neverwearingabackpackagain,1
ambassador,1
girlsrule,1
Samfya,1
hospitality,1
changing,1
stuff,1
fuzzy,1
VhnybVrn,1
cuddles,1
'les,1
Intouchables',1
Privacy,1
Paedo's,1
recap,1
yBfAfFYi,1
bia4KaTg,1
Leveson,1
ot0JJQpa,1
seconds,1
gorgeous,1
Mae,1
'Ill,1
Damn,1
Autocorrect,1
App,1
warranted,1
PoooooottttttteeeerrrrHeaaaddss,1
I1hYccmi,1
Favourite,1
Dramatic,1
Movie,1
Actress,1
yea,1
Parade,1
Chicken,1
Run,1
funnier,1
chickens,1
Spanish,1
whycantiworkthetv,1
g3HSVIL7,1
jamming,1
Shelby,1
Lynn,1
Revelation,1
6NBnM4Au,1
hahahhahahahahaha,1
theories,1
enthusiasts,1
vote4stuff,1
qfa9GzAU,1
squirrels,1
direction,1
delivery,1
WrlvrURR,1
Jenny,1
peas,1
carrots,1
Minister,1
2032,1
Miller,1
Stephen,1
approved,1
lol,1
g7oBfonG,1
irony,1
holding,1
Mack,1
knife,1
bobby,1
Darin,1
gotta,1
range,1
chicken,1
pot,1
pie,1
afternoon,1
Tempted,1
sleeping,1
bag,1
Rag,1
Bone,1
store,1
'Live,1
renting,1
date',1
Smart,1
'he,1
handsome,1
rugged,1
chipmunk',1
'John,1
Mary,1
hummingbirds,1
met',1
worstanalogies,1
'Her,1
brown,1
circles,1
dots,1
centre',1
Anonymous,1
Power,1
Jukebox,1
clears,1
dating,1
99,1
silly,1
joke,1
Few,1
clear,1
stalker,1
woods,1
fought,1
martial,1
arts,1
whowrotethisstory,1
saying,1
whilst,1
loveyoumom,1
Right,1
SOPHIE,1
ItnF1Tk6,1
boxer,1
shorts,1
Apologies,1
crypticness,1
tunes,1
lovedpitchperfect,1
laundry,1
detergent,1
Kendrick,1
cups,1
cities,1
Find,1
3tWPcbrB,1
canon,1
printer,1
paper,1
cinemas,1
Woooooo,1
12,1
o'clock,1
warms,1
Ian,1
hahaha,1
narration,1
skills,1
par,1
SECOND,1
half,1
huh,1
anytime,1
Ywj81fgP,1
FIT,1
Grimmers,1
6wNqhamU,1
sons,1
'delightful',1
itunesfestival,1
MAGGIE,1
emmyawards,1
'if,1
yet',1
FAVOURITE,1
felt,1
homesick,1
wallflower,1
Whoops,1
Kevin,1
Costner,1
television,1
Robin,1
Hood,1
Overwhelmingly,1
fault,1
Danced,1
anotherboxticked,1
Slightly,1
Michelle,1
Milka,1
Armani,1
DKDrN7dL,1
g,1
BzpswTpT,1
uYAFGn7u,1
Cinerama,1
Dome,1
Sunset,1
Boulevard,1
Onto,1
LA,1
Erdem,1
vdLdN33p,1
Did,1
Festival,1
'Radioactive',1
'Emma',1
'Imagine,1
Dragons',1
'it's,1
time',1
'Perks,1
excitingtimes,1
There's,1
1HV83S4q,1
tJHeGXhT,1
XH5eCpO6,1
quote,1
NG0Yx7lf,1
siWhwVrI,1
frXkomI2,1
uwYtmtrw,1
DyA7hVoK,1
Wallfower,1
Fan,1
Art,1
inundation,1
Ray,1
LaMontagne,1
Bonnie,1
Raitt,1
Jeeeez,1
Peeling,1
fingers,1
priceless,1
bestthingsinlifearefree,1
justonething,1
WgNC3bJ1,1
FIREFLIES,1
IN,1
giant,1
octopus,1
closingceremomy,1
Spice,1
closingceremony,1
'Brits,1
terrible,1
teeth',1
jokes,1
arent,1
ACTUALLY,1
loose,1
sleep,1
'haha',1
extremely,1
worried,1
floss,1
ate,1
Italian,1
fetal,1
italianyummytimes,1
clubs,1
mosh,1
pits,1
icelandic,1
ARMY,1
literally,1
what's,1
iceland,1
'to,1
Rome,1
love',1
italian,1
subtitles,1
squeezy,1
Marmite,1
i'm,1
cheesy,1
feelings,1
hundred,1
sixty,1
six,1
adequate,1
groundwork,1
randomish,1
'First,1
Never,1
Die',1
Soko,1
D,1
ahhhh,1
Wowzers,1
olympics2012,1
'Wicked',1
truestory,1
Sons,1
Hoboken,1
ICELAND,1
Boo,1
Ya,1
Both,1
Sides,1
REALLY,1
pet,1
dragon,1
howtotrainyourdragon,1
Page,1
1TMGWetJ,1
Except,1
kids,1
usually,1
shyer,1
uncomfortable,1
recognized,1
shy,1
suppose,1
Yii,1
hah,1
Gonzales,1
awkward,1
Andrew,1
brava,1
newspidermanisgreat,1
pinching,1
may,1
Netflicks,1
'Knowledge,1
ought,1
cunning,1
rather,1
wisdom',1
Plato,1
Dog,1
deed,1
unpunished',1
apparently,1
prettiest,1
miracles,1
Audrey,1
Hepburn,1
wrong,1
andsoitbegins,1
bought,1
pen,1
inks,1
loser,1
Fireflies,1
supply,1
stores,1
unattended,1
'Please,1
kindly,1
relieve,1
hand,1
person',1
Hahaha,1
mikepomeroy,1
Rachel,1
McAdams,1
likable,1
'Morning,1
Glory',1
IMPOSSIBLE,1
Federer,1
Wimbledon2012,1
break,1
Federer's,1
serve,1
question,1
Deuce,1
god,1
Wimbledongivingmeanxiety,1
hysterical,1
'One,1
Man,1
Guvnors',1
Brown,1
'Golden',1
paints,1
Roni,1
designing,1
genlovesnyc,1
fireworksareawesome,1
'Safety,1
Guaranteed',1
timetravelrules,1
Waffles,1
pancakes,1
syrup,1
traps,1
Mitch,1
Hedberg,1
compromise,1
yourself,1
Janis,1
Joplin,1
Watching,1
Leon,1
Professional,1
natalieportmannuffsaid,1
g7uHUOTY,1
Dory,1
'Finding,1
Nemo',1
Sid,1
'Ice,1
Age',1
accounts,1
gapinthemarket,1
factcheckingtakesfiveminutes,1
Ayeye,1
clarify,1
pink,1
owner,1
englandvsitaly,1
wish,1
Darcy,1
daily,1
mail,1
walking,1
Wright,1
house,1
Woo,1
Yea,1
Julia,1
Erin,1
Brockovich,1
istilllovejuliaroberts,1
mumsarethebest,1
ihatejetlag,1
ihateheathrow,1
ihatemenwithcameraswhomeetmeatthearrivalsgate,1
Amused,1
upset,1
mother,1
pearl,1
earings,1
large,1
cameras,1
airport,1
sec,1
sponsoring,1
2help,1
visit,1
due,1
sick,1
Ihatenerves,1
Jubilee,1
iloveyouqueenelizabeth,1
mini,1
IgJ55x1Z,1
length,1
MA,1
website,1
TvWa2LDE,1
Comedy,1
brutal,1
endoftheworld,1
Orleans,1
Found,1
designer,1
correct,1
'added',1
'followed',1
apologies,1
Sincerely,1
profile,1
mention,1
sooner,1
pre,1
friend's,1
smile,1
West,1
telling,1
naughty,1
matilda,1
likes,1
Lip,1
Gloss,1
Purses,1
Pole,1
Dancing,1
Uggs,1
Louboutins,1
Juice,1
Cleanses,1
Iced,1
coffee,1
Tattoos,1
Twitterers,1
twitterers,1
BdReT8NF,1
Wrapped,1
'Bling,1
Ring',1
Time,1
updates,1
concerned,1
sang,1
Water,1
Gave,1
Coachella,1
feast,1
Mac,1
N',1
Cheese,1
jelly,1
beans,1
lemonade,1
appreciated,1
Filming,1
'we,1
slaying,1
Blow,1
kiss,1
sets,1
Rouge,1
Selfridges,1
Exciting,1
hqGPYUBS,1
Rising,1
Star,1
nomination,1
Week,1
Marilyn,1
f3dNBlNH,1
ulW2YMpa,1
WvzZxRQ,1
me's,1
fragrance,1
i3ZfGVz,1
liked,1
DH2,1
worthy,1
stopped,1
raining,1
Lancome,1
Soon,1
everyone's,1
uploaded,1
fUYRno,1
'Pure,1
Threads',1
albertaferretti,1
went,1
sharp,1
fantastic,1
Downing,1
Street,1
reception,1
Style,1
Icon,1
Lots,1
Last,1
BAFTAs,1
Were,1
three,1
nights,1
row,1
surviving,1
Forgot,1
wrote,1
appeared,1
NY,1
happiness,1
2011,1
Year's,1
inches,1
NqrROCNx,1
snow,1
christmassy,1
tree,1
revision,1
exam,1
Saturday,1
matter,1
collaborates,1
gE373o,1
Emma's,1
dRUMTu,1
'Christmas,1
Wishes',1
tab,1
below,1
reliably,1
informed,1
doubt,1
Thanksgiving,1
Americans,1
cvd65C,1
absence,1
manic,1
BkeHubQO,1
Wearing,1
trench,1
Bailey,1
designed,1
listed,1
bO3agM,1
busy,1
Who's,1
outfits,1
Saw,1
pleased,1
Watson's,1
Cover,1
Gorgeous,1
LpPBy3bO,1
retweeted,1
Ooops,1
forgot,1
youtu,1
LVnvikQpEig,1
stream,1
States,1
mentioning,1
spoil,1
facts,1
UNICEF,1
9m,1
Pakistan,1
floods,1
Text,1
FLOOD,1
70099,1
uni,1
Tree,1
Autumn,1
Winter,1
c0jJkR,1
holiday,1
chill,1
sunshine,1
GSrSlY0j,1
singles,1
chart,1
surprising,1
Night,1
Only's,1
Single,1
bH2oMC,1
HP7,1
aLct80,1
Be,1
quick,1
edibow,1
20782253381,1
pic,1
EW,1
Photo,1
oh,1
stay,1
early,1
awake,1
let,1
Talk,1
won't,1
